2016年11月25日 - ,以色列山火蔓延疏散6万余人 近百人接受治疗,https://world.huanqiu.com/article/9CaKrnJYOQd
2016年11月28日 - ,以色列火灾情势好转 中国留学生平安返校,https://lx.huanqiu.com/article/9CaKrnJYRsu
2016年12月16日 - ,海法火灾让人反思应对良方,https://finance.huanqiu.com/article/9CaKrnJZc81
2016年11月28日 - ,以色列火灾情势好转 中国留学生平安返校,https://world.huanqiu.com/gallery/9CaKrnQhyKC
2016年11月28日 - ,以色列大火已全部扑灭 20余人涉嫌纵火被捕,https://world.huanqiu.com/article/9CaKrnJYS4g
2016年12月7日 - ,"我拿什么奉献给你,我的“霸道”祖国",https://m.huanqiu.com/article/9CaKrnJZ3WS
2016年11月27日 - ,以色列海法山火得到控制 民众获准返回家中,https://world.huanqiu.com/article/9CaKrnJYR4v
2016年12月26日 - ,以色列海法一炼油厂发生火灾 火势凶猛(组图),https://world.huanqiu.com/article/9CaKrnJZmM4
2016年12月26日 - ,以色列海法一炼油厂发生火灾 火势凶猛(组图)_国际新闻_环球网,https://world.huanqiu.com/article/9CaKrnJZmM4
2016年11月28日 - ,以色列火灾情势好转 中国留学生已经平安返校,https://world.huanqiu.com/article/9CaKrnJYSh8
2016年12月24日 - ,山东德州发生烟花爆竹爆炸 已造成5人死亡_国内新闻_环球网,https://china.huanqiu.com/article/9CaKrnJZm4t
2016年11月3日 - ,3D:英情报机构招特工 母婴网寻大妈玩游戏通关,https://v.huanqiu.com/article/9CaKrnJYojM
2016年12月20日 - ,2016年终盘点:值得被铭记的温暖瞬间(组图),https://world.huanqiu.com/article/9CaKrnJZhhC
2016年12月26日 - ,圣诞节德国5万民众大撤退 二战未爆弹被顺利拆除_国际新闻_环球网,https://world.huanqiu.com/article/9CaKrnJZo6E
2016年12月1日 - ,美国东南部旅游区野火肆虐7人丧生 上万居民撤离_国际新闻_环球网,https://world.huanqiu.com/article/9CaKrnJYWhU
2016年12月27日 - ,叙利亚反抗军失守阿勒颇 被控枪决21名平民_国际新闻_环球网,https://world.huanqiu.com/article/9CaKrnJZpnK
2016年12月22日 - ,回首2016:祖国为我保驾护航(组图),https://world.huanqiu.com/article/9CaKrnJZk05
2016年11月29日 - ,从包机到包车 中国护照以这样的方式展现“祖国力Max”!,https://world.huanqiu.com/article/9CaKrnJYTAJ
2016年12月14日 - ,"美国在叙利亚“放水”,那的“鱼儿”就能起死回生吗_财经_环球网",https://finance.huanqiu.com/article/9CaKrnJZ94M
2016年11月21日 - ,祁正:沪指高位盘整多头趋势不改 创业板估值隐忧加剧_财经_环球网,https://finance.huanqiu.com/article/9CaKrnJYJtA
2016年11月25日 - ,以色列山火蔓延 6万余人紧急疏散,https://world.huanqiu.com/article/9CaKrnJYOPV
2016年11月28日 - ,以色列火灾情势好转 中国留学生已经平安返校,https://world.huanqiu.com/article/9CaKrnJYSh8
2016年11月28日 - ,以色列火灾情势好转中国留学生平安返校,https://world.huanqiu.com/article/9CaKrnJYRBs
2016年11月25日 - ,以色列山火蔓延疏散6万余人 近百人接受治疗,https://world.huanqiu.com/article/9CaKrnJYOQd
2016年12月7日 - ,"我拿什么奉献给你,我的“霸道”祖国",https://world.huanqiu.com/article/9CaKrnJZ3WS
2016年11月25日 - ,以色列山火蔓延 6万余人紧急疏散,https://world.huanqiu.com/article/9CaKrnJYOPV
2016年12月26日 - ,以色列海法炼油厂大火(组图),https://world.huanqiu.com/article/9CaKrnJZnhm
2016年11月28日 - ,以色列大火已全部扑灭 20余人涉嫌纵火被捕,https://world.huanqiu.com/article/9CaKrnJYS4g
2016年11月28日 - ,以色列火灾情势好转 中国留学生平安返校,https://lx.huanqiu.com/article/9CaKrnJYRsu
2016年11月27日 - ,以色列海法山火得到控制 民众获准返回家中,https://world.huanqiu.com/article/9CaKrnJYR4z
2016年12月16日 - ,海法火灾让人反思应对良方,https://finance.huanqiu.com/article/9CaKrnJZc81
2016年12月20日 - ,2016年终盘点:值得被铭记的温暖瞬间(组图),https://world.huanqiu.com/article/9CaKrnJZhhC
2016年12月7日 - ,"我拿什么奉献给你,我的“霸道”祖国",https://world.huanqiu.com/article/9CaKrnJZ3WS
2016年12月22日 - ,回首2016:祖国为我保驾护航(组图),https://world.huanqiu.com/article/9CaKrnJZk05?w=280
2016年12月25日 - ,金价连续7周收跌 或创3年来最大季度跌幅_财经_环球网,https://finance.huanqiu.com/article/9CaKrnJZmfN
