2011年3月1日 - ,中国利比亚撤侨获外媒好评 领事保护机制日趋成熟,https://china.huanqiu.com/article/9CaKrnJqq3b
2011年2月24日 - ,中国第二架赴利比亚撤侨包机凌晨出发,https://world.huanqiu.com/article/9CaKrnJqn6z
2011年3月7日 - ,加拿大华人高度评价利比亚撤侨行动 称“为祖国骄傲”,https://china.huanqiu.com/article/9CaKrnJqu0D
2011年2月24日 - ,中国实施冷战后最大规模撤侨行动 海陆空途径同时动用,https://world.huanqiu.com/article/9CaKrnJqnrO
2011年3月2日 - ,印度利比亚撤侨缓慢遭指责 印官员称和中国比不公平,https://world.huanqiu.com/article/9CaKrnJqrgg
2011年3月13日 - ,我徐州舰完成利比亚撤侨任务重回亚丁湾护航,https://mil.huanqiu.com/article/9CaKrnJqxSh
2011年3月2日 - ,韩国崔莹号KDX-II驱逐舰抵达利比亚协助撤侨,https://mil.huanqiu.com/article/9CaKrnJqqUO
2011年3月4日 - ,中企在利比亚损失正在统计中 工程后续存风险,https://finance.huanqiu.com/article/9CaKrnJqsl0
2011年3月22日 - ,刘水明:西方或派地面部队干预利比亚,https://opinion.huanqiu.com/article/9CaKrnJqD5Q?w=280
2011年2月28日 - ,中国男子带领近千同胞徒步过沙漠撤离利比亚(图),https://world.huanqiu.com/article/9CaKrnJqpHo
2011年3月3日 - ,组图:中国在利比亚公民全部撤出 撤侨获阶段性胜利,https://world.huanqiu.com/gallery/9CaKrnQc1UP
2011年2月25日 - ,美专家称中国利比亚撤侨显大国实力 给美国“上一课”,https://world.huanqiu.com/article/9CaKrnJqote
2011年3月3日 - ,印度利比亚撤侨进展慢 印空军决定出动伊尔-76,https://world.huanqiu.com/article/9CaKrnJqs2a
2011年3月10日 - ,印称自信今日撤完侨 媒体叹已落后中国数天,https://mil.huanqiu.com/article/9CaKrnJqws9
2011年2月28日 - ,英军特种部队潜入利比亚救援 场景如动作电影扣人心弦,https://world.huanqiu.com/article/9CaKrnJqpqW
2011年3月16日 - ,评论称利比亚动荡 美应对乏术只能干等结果,https://mil.huanqiu.com/article/9CaKrnJqzi5
2011年2月24日 - ,实录:中国派国航包机接我驻利比亚人员回国(组图),https://world.huanqiu.com/gallery/9CaKrnQbXHR
2011年3月23日 - ,多国家反对西方干涉利内政 呼吁结束军事行动,https://world.huanqiu.com/article/9CaKrnJqDcA
2011年3月28日 - ,利比亚反对派武装补给线被拉长 “西进”再遇困难,https://world.huanqiu.com/article/9CaKrnJqGBb
2011年3月3日 - ,军机未动运输船1周才到 印撤侨远逊中国遭批,https://mil.huanqiu.com/article/9CaKrnJqrsx?w=280
2011年3月23日 - ,多国家反对西方干涉利内政 呼吁结束军事行动,https://world.huanqiu.com/article/9CaKrnJqDcA
2011年3月13日 - ,我徐州舰完成利比亚撤侨任务重回亚丁湾护航,https://mil.huanqiu.com/article/9CaKrnJqxSh
2011年3月3日 - ,军机未动运输船1周才到 印撤侨远逊中国遭批,https://mil.huanqiu.com/article/9CaKrnJqrsx?w=280
2011年3月3日 - ,印度官员承认撤侨缓慢 空军决定出动伊尔-76,https://mil.huanqiu.com/article/9CaKrnJqs26
2011年3月7日 - ,加拿大华人高度评价利比亚撤侨行动 称“为祖国骄傲”,https://china.huanqiu.com/article/9CaKrnJqu0D
2011年3月3日 - ,印度利比亚撤侨进展慢 印空军决定出动伊尔-76,https://world.huanqiu.com/article/9CaKrnJqs2a
2011年3月2日 - ,印度利比亚撤侨缓慢遭指责 印官员称和中国比不公平,https://world.huanqiu.com/article/9CaKrnJqrgg
