2014年6月20日 - ,关小宏,https://health.huanqiu.com/article/9CaKrnJF6dt
2014年6月26日 - ,中方:正与伊方密切配合 确保中方人员撤离安全,https://world.huanqiu.com/article/9CaKrnJF8jk
2014年6月13日 - ,李克强访问英国希腊_环球网,https://world.huanqiu.com/special/lkq20140616/
2014年6月21日 - ,学者:希腊推进中欧合作 成中国走向世界支点,https://mil.huanqiu.com/article/9CaKrnJF6ho
2014年6月20日 - ,王义桅:中希热络助推海上丝路复兴,https://opinion.huanqiu.com/article/9CaKrnJF61S
2014年6月23日 - ,印尼纳粹主题咖啡厅无视谴责 一年后再开张,https://world.huanqiu.com/article/9CaKrnJF6Nl
2014年6月27日 - ,中国造好一艘054A护卫舰只要2年 已大批量生产,https://mil.huanqiu.com/article/9CaKrnJF8vy
2014年6月20日 - ,李克强:中希两国关系义字当头、互利双赢_财经_环球网,https://finance.huanqiu.com/error/404
2014年6月20日 - ,华文媒体:中国领导人欧洲战略建立海洋强国,https://oversea.huanqiu.com/article/9CaKrnJF6aV
2014年5月19日 - ,社评:越南用鹌鹑蛋撞中国巨石必自伤,https://opinion.huanqiu.com/article/9CaKrnJEYrb
2014年5月27日 - ,乌政府军争夺战中再使用带联合国标志直升机(图),https://world.huanqiu.com/article/9CaKrnJF0aL
2014年6月17日 - ,中国留英学生16年增长超17倍_国际新闻_环球网,https://world.huanqiu.com/article/9CaKrnJF4lY
2014年6月20日 - ,关小宏_健康_环球网,https://health.huanqiu.com/article/9CaKrnJF6dt
2014年6月20日 - ,王义桅:中希热络助推海上丝路复兴 _评论_环球网,https://opinion.huanqiu.com/article/9CaKrnJF61S
2014年6月21日 - ,王义桅:希腊是中国走向世界的支点,https://opinion.huanqiu.com/article/9CaKrnJF6fH
2014年6月21日 - ,王义桅:希腊是中国走向世界的支点_评论_环球网,https://opinion.huanqiu.com/article/9CaKrnJF6fH
2014年6月20日 - ,王义桅:中希热络助推海上丝路复兴,https://opinion.huanqiu.com/article/9CaKrnJF61S
2014年6月20日 - ,关小宏_健康_环球网,https://health.huanqiu.com/article/9CaKrnJF6dt
2014年6月20日 - ,王义桅:中希热络助推海上丝路复兴,https://opinion.huanqiu.com/article/9CaKrnJF61S
2014年6月20日 - ,王义桅:中希热络助推海上丝路复兴,https://opinion.huanqiu.com/article/9CaKrnJF61S
2014年6月23日 - ,印尼纳粹主题咖啡厅无视谴责 一年后再开张,https://world.huanqiu.com/article/9CaKrnJF6Nl
