2018年10月28日 - ,1500名中国游客因台风滞留塞班岛 有中国游客被困其他小岛等待救援,https://world.huanqiu.com/article/9CaKrnKe8RE
2018年10月28日 - ,1500名中国游客因台风滞留塞班岛 有中国游客被困其他小岛等待救援,https://3w.huanqiu.com/a/621e1c/9CaKrnKe8RE?p=3&agt=46
2018年10月29日 - ,因台风滞留塞班的大部分中国旅客顺利撤离,https://world.huanqiu.com/article/9CaKrnKecao
2018年10月27日 - ,上千中国游客因台风滞留塞班岛 我领馆:民航客机28日将接旅客回国,https://3w.huanqiu.com/a/c36dc8/7Hlufjdc1K8?p=1&agt=8
2018年11月1日 - ,因台风滞留塞班岛 香港与内地航空公司接载逾千名中国旅客回国...,https://china.huanqiu.com/article/9CaKrnKejUU
2018年10月30日 - ,我领馆:因台风滞留塞班的近1600名中国游客已基本撤离,https://world.huanqiu.com/article/9CaKrnKecRJ
2018年10月28日 - ,中国民航接因“玉兔”风灾滞留塞班中国公民回国,https://china.huanqiu.com/article/9CaKrnKe8Fu
2018年10月27日 - ,约1500名中国游客因台风滞留塞班岛 我民航将安排运力撤离中国游客,https://world.huanqiu.com/article/9CaKrnKe7O6
2018年10月28日 - ,"约1500名中国游客滞留塞班岛,有望今天回国",https://world.huanqiu.com/article/9CaKrnKe8EL
2018年10月27日 - ,上千中国游客因台风滞留塞班岛 我领馆:民航客机28日将接旅客回国,https://3w.huanqiu.com/a/c36dc8/7Hlufjdc1K8?p=2&agt=8
2018年10月29日 - ,塞班滞留中国游客开始登机回国,https://go.huanqiu.com/article/9CaKrnKeaW0
2018年10月27日 - ,上千中国游客因台风滞留塞班岛 我领馆:民航客机28日将接旅客回国,https://3w.huanqiu.com/a/c36dc8/7Hlufjdc1K8?p=3&agt=8
2018年10月27日 - ,1500名中国游客因台风“玉兔”滞留塞班 食宿总体有保障,https://world.huanqiu.com/article/9CaKrnKe7jK
2018年10月27日 - ,因台风“玉兔”滞留塞班岛的中国游客有望28日回国,https://world.huanqiu.com/article/9CaKrnKe7OS
2018年10月28日 - ,1500名中国游客因台风滞留塞班岛 有中国游客被困其他小岛等待救援,https://3w.huanqiu.com/a/621e1c/9CaKrnKe8RE?p=4&agt=46
2018年10月28日 - ,1500名中国游客因台风滞留塞班岛 有中国游客被困其他小岛等待救援,https://3w.huanqiu.com/a/621e1c/9CaKrnKe8RE?agt=8
2018年10月27日 - ,上千中国游客因台风滞留塞班岛 我领馆:民航客机28日将接旅客回国,https://3w.huanqiu.com/a/c36dc8/7Hlufjdc1K8?p=4&agt=8
2018年10月29日 - ,川航东航分别再派出一架客机 接返滞留塞班岛中国游客,https://world.huanqiu.com/article/9CaKrnKeb6v?w=280
2018年10月27日 - ,"超级台风袭击塞班 我领馆:我公民食宿有保障,迄无人员伤亡",https://world.huanqiu.com/article/9CaKrnKe77m
2018年10月28日 - ,川航接送滞留塞班中国旅客的第一个航班起飞返航,https://world.huanqiu.com/article/9CaKrnKe9qr
2018年10月27日 - ,上千中国游客因台风滞留塞班岛 我领馆:民航客机28日将接旅客回国,https://world.huanqiu.com/article/9CaKrnKe7Tm
2018年10月28日 - ,首批274名滞留塞班中国旅客回国,https://3w.huanqiu.com/a/24d596/9CaKrnKe9B6?p=2&agt=8
2018年10月28日 - ,首批274名滞留塞班中国旅客回国,https://world.huanqiu.com/article/9CaKrnKe9B6
2018年10月28日 - ,1500名中国游客因台风滞留塞班岛 有中国游客被困其他小岛..._环球网,https://world.huanqiu.com/article/9CaKrnKe8RE
2018年10月28日 - ,"约1500名中国游客滞留塞班岛,有望今天回国",https://3w.huanqiu.com/a/26ef70/7HmrdIGlgas?agt=8
2018年10月28日 - ,1500名中国游客因台风滞留塞班岛 有中国游客被困其他小岛等待救援,https://world.huanqiu.com/article/9CaKrnKe8RE
2018年10月27日 - ,上千中国游客因台风滞留塞班岛 我领馆:民航客机28日将接旅客回国,https://3w.huanqiu.com/a/c36dc8/7Hlufjdc1K8?agt=8
2018年10月27日 - ,上千中国游客因台风滞留塞班岛 我领馆:民航客机28日将接旅客回国,https://3w.huanqiu.com/a/c36dc8/7Hlufjdc1K8?agt=23
2018年10月28日 - ,首批274名滞留塞班中国旅客回国,https://3w.huanqiu.com/a/24d596/7Hn6q1p8yME?agt=8
2018年10月28日 - ,首批274名滞留塞班中国旅客回国,https://3w.huanqiu.com/a/24d596/7Hn6q1p8yME?agt=20
2018年10月28日 - ,1500名中国游客因台风滞留塞班岛 有中国游客被困其他小岛..._环球网,https://world.huanqiu.com/article/9CaKrnKe8RE
2018年10月28日 - ,首批274名滞留塞班中国旅客回国,https://3w.huanqiu.com/a/24d596/7Hn6q1p8yME?p=3&agt=8
2018年10月28日 - ,首批274名滞留塞班中国旅客回国,https://3w.huanqiu.com/a/24d596/7Hn6q1p8yME?p=2&agt=8
2018年10月28日 - ,"约1500名中国游客滞留塞班岛,有望今天回国",https://world.huanqiu.com/article/9CaKrnKe8EL
2018年10月27日 - ,因台风“玉兔”滞留塞班岛的中国游客有望28日回国,https://world.huanqiu.com/article/9CaKrnKe7OS
2018年10月29日 - ,川航东航分别再派出一架客机 接返滞留塞班岛中国游客,https://world.huanqiu.com/article/9CaKrnKeb6v
2018年10月28日 - ,"塞班国际机场恢复开放,滞留中国游客正陆续离港回国",https://world.huanqiu.com/article/9CaKrnKe94J
2018年10月28日 - ,"塞班国际机场恢复开放,滞留中国游客正陆续离港回国",https://world.huanqiu.com/article/9CaKrnKe94J
2018年10月29日 - ,"美退出中导条约,中方是否参与新条约谈判?外交部回应",https://world.huanqiu.com/article/9CaKrnKeciy
2018年10月29日 - ,"美退出中导条约,中方是否参与新条约谈判?外交部回应",https://world.huanqiu.com/article/9CaKrnKeciy
