2015年4月27日 - ,中国护照没用?看看尼泊尔救援你就明白了,https://world.huanqiu.com/article/9CaKrnJKo8N
2015年4月27日 - ,社评:地震告诉我们尼泊尔有多近,https://opinion.huanqiu.com/article/9CaKrnJKm95
2015年4月30日 - ,一周外交盘点:尼泊尔地震救援中国政府获民众大赞,https://world.huanqiu.com/article/9CaKrnJKw9f
2015年4月27日 - ,霸道撤侨飞机占机场 ?莫为航空救援添“堵”!,https://mil.huanqiu.com/article/9CaKrnJKmdJ
2015年4月29日 - ,"关于大陆尼泊尔撤侨,极少数台湾人的反应(图)",https://taiwan.huanqiu.com/article/9CaKrnJKsfk
2015年4月28日 - ,雷希颖:中国尼泊尔撤离行动不该被挑刺,https://opinion.huanqiu.com/article/9CaKrnJKoWl
2015年4月29日 - ,评论:尼泊尔救援 中国的担当与情怀,https://china.huanqiu.com/article/9CaKrnJKtE3
2015年4月27日 - ,航企加班飞尼泊尔接滞留客 票价到底怎么收?,https://mil.huanqiu.com/article/9CaKrnJKmdC
2015年4月29日 - ,“撒娇”求“撤侨”也别太任性,https://world.huanqiu.com/article/9CaKrnJKtgL
2015年5月3日 - ,谁助推了“中国人免费登机”的“正能量谣言”,https://china.huanqiu.com/article/9CaKrnJKzvd
2015年4月30日 - ,张松:“中印竞争尼泊尔”是庸俗炒作,https://opinion.huanqiu.com/article/9CaKrnJKu7p
2015年4月28日 - ,全球多地民众使用谷歌搜寻尼泊尔地震失踪者,https://world.huanqiu.com/article/9CaKrnJKpZ4
2015年5月21日 - ,西藏多数旅游景区未受地震影响 珠峰等地暂无法进入,https://china.huanqiu.com/article/9CaKrnJLeUy
2015年4月27日 - ,中国驻也门大使:危急关头中国公民把国家当成依靠,https://world.huanqiu.com/article/9CaKrnJKnL7
2015年4月29日 - ,"中国驰援尼泊尔彰显构建""人类命运共同体""的大国担当",https://world.huanqiu.com/article/9CaKrnJKtIm
2015年4月27日 - ,中国护照没用?看看尼泊尔救援你就明白了,https://world.huanqiu.com/article/9CaKrnJKofM
2015年4月29日 - ,"关于大陆尼泊尔撤侨,极少数台湾人的反应(图)",https://taiwan.huanqiu.com/article/9CaKrnJKsfk
2015年4月27日 - ,中国护照带来的安全感:使馆腾大院供游客过夜,https://world.huanqiu.com/article/9CaKrnJKnal
2015年4月29日 - ,“汪辜会谈”22周年纪念日马英九将阐述“九二共识”,https://taiwan.huanqiu.com/article/9CaKrnJKsFK
2015年4月30日 - ,环球时报:“中印竞争尼泊尔”是庸俗炒作,https://opinion.huanqiu.com/article/9CaKrnJKvwi
2015年4月27日 - ,社评:地震告诉我们尼泊尔有多近,https://opinion.huanqiu.com/article/9CaKrnJKm95
2015年4月27日 - ,中国护照没用?看看尼泊尔救援你就明白了,https://world.huanqiu.com/article/9CaKrnJKo8N
2015年4月29日 - ,“撒娇”求“撤侨”也别太任性,https://world.huanqiu.com/article/9CaKrnJKtgL
2015年4月30日 - ,一周外交盘点:尼泊尔地震救援中国政府获民众大赞,https://world.huanqiu.com/article/9CaKrnJKw9f
2015年4月27日 - ,霸道撤侨飞机占机场 ?莫为航空救援添“堵”!,https://mil.huanqiu.com/article/9CaKrnJKmdJ
2015年4月30日 - ,张松:“中印竞争尼泊尔”是庸俗炒作,https://opinion.huanqiu.com/article/9CaKrnJKu7p
2015年4月27日 - ,中国护照带来的安全感:使馆腾大院供游客过夜,https://world.huanqiu.com/article/9CaKrnJKnal
2015年4月27日 - ,社评:地震告诉我们尼泊尔有多近,https://opinion.huanqiu.com/article/9CaKrnJKm95?w=280
2015年4月28日 - ,雷希颖:中国尼泊尔撤离行动不该被挑刺,https://opinion.huanqiu.com/article/9CaKrnJKoWl
2015年4月28日 - ,雷希颖:中国尼泊尔撤离行动不该被挑刺,https://opinion.huanqiu.com/article/9CaKrnJKoWl
2015年4月28日 - ,雷希颖:中国尼泊尔撤离行动不该被挑刺,https://opinion.huanqiu.com/article/9CaKrnJKoWl
2015年4月28日 - ,雷希颖:中国尼泊尔撤离行动不该被挑刺,https://opinion.huanqiu.com/article/9CaKrnJKoWl
2015年4月28日 - ,雷希颖:中国尼泊尔撤离行动不该被挑刺,https://opinion.huanqiu.com/article/9CaKrnJKoWl
2015年4月28日 - ,雷希颖:中国尼泊尔撤离行动不该被挑刺,https://opinion.huanqiu.com/article/9CaKrnJKoWl
2015年4月28日 - ,雷希颖:中国尼泊尔撤离行动不该被挑刺,https://opinion.huanqiu.com/article/9CaKrnJKoWl
2015年4月28日 - ,雷希颖:中国尼泊尔撤离行动不该被挑刺,https://opinion.huanqiu.com/article/9CaKrnJKoWl
2015年4月28日 - ,雷希颖:中国尼泊尔撤离行动不该被挑刺,https://opinion.huanqiu.com/article/9CaKrnJKoWl
2015年4月28日 - ,雷希颖:中国尼泊尔撤离行动不该被挑刺_评论_环球网,https://opinion.huanqiu.com/article/9CaKrnJKoWl
2015年4月29日 - ,"关于大陆尼泊尔撤侨,极少数台湾人的反应(图)",https://taiwan.huanqiu.com/article/9CaKrnJKsfk
2015年4月29日 - ,“撒娇”求“撤侨”也别太任性_国际新闻_环球网,https://world.huanqiu.com/article/9CaKrnJKtgL
2015年4月27日 - ,霸道撤侨飞机占机场 ?莫为航空救援添“堵”!,https://mil.huanqiu.com/article/9CaKrnJKmdJ
2015年4月29日 - ,评论:尼泊尔救援 中国的担当与情怀,https://china.huanqiu.com/article/9CaKrnJKtE3
2015年4月27日 - ,霸道撤侨飞机占机场 ?莫为航空救援添“堵”!_军事_环球网,https://mil.huanqiu.com/article/9CaKrnJKmdJ
2015年4月29日 - ,尼泊尔震后中国公民救援实录:航空“从未想涨价”,https://world.huanqiu.com/article/9CaKrnJKrfA
2015年4月29日 - ,尼泊尔震后中国公民救援实录:航空“从未想涨价”,https://world.huanqiu.com/article/9CaKrnJKrfA
2015年4月30日 - ,环球时报:“中印竞争尼泊尔”是庸俗炒作,https://opinion.huanqiu.com/article/9CaKrnJKvwi
2015年4月29日 - ,"中国驰援尼泊尔彰显构建""人类命运共同体""的大国担当",https://world.huanqiu.com/article/9CaKrnJKtIm
2015年4月30日 - ,环球时报:“中印竞争尼泊尔”是庸俗炒作,https://opinion.huanqiu.com/article/9CaKrnJKvwi
2015年4月27日 - ,【学习大国】什么是大国?就是在你需要的时候出现,https://china.huanqiu.com/article/9CaKrnJKmal
2015年4月28日 - ,"港媒:中国海外救助的""速度与深情""获点赞",https://world.huanqiu.com/article/9CaKrnJKoFJ
2015年4月27日 - ,港报:中国海外救助的“速度与深情”获点赞,https://world.huanqiu.com/article/9CaKrnJKnns
2015年4月27日 - ,大事临头 最能看出中国的担当,https://china.huanqiu.com/article/9CaKrnJKodH
2015年4月27日 - ,港媒:中国海外救助的“速度与深情”获点赞,https://oversea.huanqiu.com/article/9CaKrnJKnmE
2015年4月27日 - ,大事临头 最能看出中国的担当,https://china.huanqiu.com/article/9CaKrnJKodH
2015年4月27日 - ,【学习大国】什么是大国?就是在你需要的时候出现,https://china.huanqiu.com/article/9CaKrnJKmal
2015年4月27日 - ,航企加班飞尼泊尔接滞留客 票价到底怎么收?,https://mil.huanqiu.com/article/9CaKrnJKmdC
2015年4月27日 - ,"抗震救灾,凝固尊重生命的价值坐标",https://opinion.huanqiu.com/article/9CaKrnJKn47
2015年5月6日 - ,"4·25灾难面前,看国航的速度与担当",https://finance.huanqiu.com/article/9CaKrnJKFhT
2015年4月27日 - ,海外版望海楼:“人类命运共同体”里的中国担当,https://opinion.huanqiu.com/article/9CaKrnJKmN8
2015年4月27日 - ,“人类命运共同体”里的中国担当,https://opinion.huanqiu.com/article/9CaKrnJKmZB
2015年4月27日 - ,“人类命运共同体”里的中国担当,https://opinion.huanqiu.com/article/9CaKrnJKmZB
2015年5月3日 - ,谁助推了“中国人免费登机”的“正能量谣言”,https://china.huanqiu.com/article/9CaKrnJKzvd
2015年4月28日 - ,中国护照关键时刻能带我们回家!,https://world.huanqiu.com/article/9CaKrnJKoGr
2015年4月27日 - ,中国护照带来的安全感:使馆腾大院供游客过夜,https://world.huanqiu.com/article/9CaKrnJKnal
