2015年3月30日 - ,中国准备从也门撤侨,https://world.huanqiu.com/article/9CaKrnJJmlp
2015年3月30日 - ,外交部:中国已准备从也门撤侨,https://china.huanqiu.com/article/9CaKrnJJmK1
2015年3月30日 - ,中国启动也门撤侨 中国同胞很快将安全踏上归途,https://china.huanqiu.com/article/9CaKrnJJm5k
2015年3月30日 - ,祖国和你同在!中国海军首次赴也门港口撤侨,https://mil.huanqiu.com/article/9CaKrnJJnoV
2015年3月30日 - ,国防部证实海军赴也门撤侨 呼吁媒体慎重报道,https://mil.huanqiu.com/article/9CaKrnJJmMR
2015年3月30日 - ,中国海军赴也门撤侨 最大援也项目数日前停工,https://world.huanqiu.com/article/9CaKrnJJnzJ
2015年3月30日 - ,中国准备从也门撤侨590人,https://world.huanqiu.com/article/9CaKrnJJmen
2015年3月30日 - ,中国一艘054A导弹护卫舰停靠也门 准备撤侨,https://world.huanqiu.com/article/9CaKrnJJndB
2015年3月28日 - ,中国海军暂停亚丁湾护航 专家:或赴也门参加撤侨,https://world.huanqiu.com/article/9CaKrnJJjoE
2015年3月30日 - ,原标题:中方启动从也门撤侨准备工作,https://world.huanqiu.com/article/9CaKrnJJm6Z
2015年3月30日 - ,还有哪些中国人在也门,https://world.huanqiu.com/article/9CaKrnJJmUy
2015年3月30日 - ,首批122名中国公民乘军舰撤离也门抵吉布提,https://mil.huanqiu.com/article/9CaKrnJJnCd
2015年3月30日 - ,国防部:中国海军舰艇编队赴也门撤离中国公民,https://china.huanqiu.com/article/9CaKrnJJntN
2015年3月30日 - ,祖国和你同在!中国海军首次赴也门港口撤侨,https://mil.huanqiu.com/article/9CaKrnJJnoV
2015年3月30日 - ,德翼副驾多次催机长上厕所,https://society.huanqiu.com/article/9CaKrnJJma2
2015年3月30日 - ,中国海军054A舰进入也门亚丁港,https://mil.huanqiu.com/gallery/9CaKrnQhcY8
2015年3月27日 - ,传中国海军暂停亚丁湾护航任务 提醒船只注意安全,https://mil.huanqiu.com/article/9CaKrnJJi4N
2015年3月30日 - ,外交部回应是否担心有国家不愿出席抗战纪念活动,https://china.huanqiu.com/article/9CaKrnJJnWR
2015年3月29日 - ,王毅:已在也门展开行动撤侨 共约500名同胞,https://world.huanqiu.com/article/9CaKrnJJlj2
2015年3月29日 - ,外交部:中国启动从也门撤侨准备工作 590人待撤,https://world.huanqiu.com/article/9CaKrnJJllz
2015年3月28日 - ,中国海军暂停亚丁湾护航 专家:或赴也门参加撤侨,https://world.huanqiu.com/article/9CaKrnJJjoE
2015年3月30日 - ,国防部证实海军赴也门撤侨 呼吁媒体慎重报道,https://mil.huanqiu.com/article/9CaKrnJJmMR
2015年3月29日 - ,外交部:中国启动从也门撤侨准备工作 590人待撤,https://world.huanqiu.com/article/9CaKrnJJllz
2015年3月30日 - ,外交部:中国已准备从也门撤侨,https://china.huanqiu.com/article/9CaKrnJJmK1
2015年3月29日 - ,王毅:已在也门展开行动撤侨 共约500名同胞,https://world.huanqiu.com/article/9CaKrnJJlj2
2015年3月29日 - ,王毅:已在也门展开行动撤侨 共约500名同胞,https://world.huanqiu.com/article/9CaKrnJJlj2
2015年3月29日 - ,外交部:中国启动从也门撤侨准备工作 590人待撤,https://world.huanqiu.com/article/9CaKrnJJllz
2015年3月30日 - ,中国海军赴也门撤侨 最大援也项目数日前停工,https://world.huanqiu.com/article/9CaKrnJJnzJ
2015年3月30日 - ,中国一艘054A导弹护卫舰停靠也门 准备撤侨,https://world.huanqiu.com/article/9CaKrnJJndB
2015年3月30日 - ,中国军舰进入也门亚丁港 启动撤侨工作,https://world.huanqiu.com/gallery/9CaKrnQhcXU
